username	url	branch	created_at	updated_at	pushed_at
himyne	https://github.com/himyne/javascript-menu.git	himyne	2022-12-17 04:00:22	2022-12-17 09:00:53	2022-12-17 10:17:54
inyeong-kang	https://github.com/inyeong-kang/javascript-menu.git	inyeong-kang	2022-12-17 04:00:17	2022-12-17 03:59:54	2022-12-17 08:56:56
yeopto	https://github.com/yeopto/javascript-menu.git	yeopto	2022-12-17 04:01:19	2022-12-17 03:59:54	2022-12-17 08:54:15
nincoding	https://github.com/nincoding/javascript-menu.git	nincoding	2022-12-17 04:04:18	2022-12-17 03:59:54	2022-12-17 08:58:02
gabrielyoon7	https://github.com/gabrielyoon7/javascript-menu.git	gabrielyoon7	2022-12-17 04:01:33	2022-12-17 03:59:54	2022-12-17 08:54:02
cjm0611	https://github.com/cjm0611/javascript-menu.git	cjm0611	2022-12-17 04:00:31	2022-12-17 03:59:54	2022-12-17 08:48:00
endmoseung	https://github.com/endmoseung/javascript-menu.git	endmoseung	2022-12-17 04:00:26	2022-12-17 03:59:54	2022-12-17 08:56:03
GC-Park	https://github.com/GC-Park/javascript-menu.git	GC-Park	2022-12-17 04:05:59	2022-12-17 03:59:54	2022-12-17 08:51:51
wonkyum-kim	https://github.com/wonkyum-kim/javascript-menu.git	wonkyum-kim	2022-12-17 04:00:16	2022-12-17 12:54:36	2022-12-17 14:10:26
youzysu	https://github.com/youzysu/javascript-menu.git	youzysu	2022-12-17 04:00:05	2022-12-17 03:59:54	2022-12-17 08:31:12
n0eyes	https://github.com/n0eyes/javascript-menu.git	n0eyes	2022-12-17 04:00:36	2022-12-17 03:59:54	2022-12-17 08:58:14
nailen1	https://github.com/nailen1/javascript-menu.git	nailen1	2022-12-17 04:00:39	2022-12-17 03:59:54	2022-12-17 08:59:50
useon	https://github.com/useon/javascript-menu.git	useon	2022-12-17 04:00:22	2022-12-17 03:59:54	2022-12-17 09:01:17
sujinjwa	https://github.com/sujinjwa/javascript-menu.git	sujinjwa	2022-12-17 04:01:27	2022-12-17 03:59:54	2022-12-17 08:57:59
wusi-hub	https://github.com/wusi-hub/javascript-menu.git	wusi-hub	2022-12-17 04:01:47	2022-12-17 03:59:54	2022-12-17 08:50:13
GEUNTAEK1013	https://github.com/GEUNTAEK1013/javascript-menu.git	GEUNTAEK1013	2022-12-17 04:01:37	2022-12-17 03:59:54	2022-12-17 08:47:26
Ryong-E	https://github.com/Ryong-E/javascript-menu.git	Ryong-E	2022-12-17 04:00:40	2022-12-17 03:59:54	2022-12-17 08:58:01
daal2quf	https://github.com/daal2quf/javascript-menu.git	daal2quf	2022-12-17 04:00:22	2022-12-17 03:59:54	2022-12-17 08:59:30
letsjo	https://github.com/letsjo/javascript-menu.git	letsjo	2022-12-17 04:13:12	2022-12-17 03:59:54	2022-12-17 14:47:32
rayark1	https://github.com/rayark1/javascript-menu.git	rayark1	2022-12-17 04:00:51	2022-12-17 03:59:54	2022-12-17 09:00:09
Yoonkyoungme	https://github.com/Yoonkyoungme/javascript-menu.git	Yoonkyoungme	2022-12-17 04:00:09	2022-12-17 03:59:54	2022-12-17 08:58:29
feb-dain	https://github.com/feb-dain/javascript-menu.git	feb-dain	2022-12-17 04:00:07	2022-12-17 03:59:54	2022-12-17 08:59:45
jiheon788	https://github.com/jiheon788/javascript-menu.git	jiheon788	2022-12-17 04:00:24	2022-12-17 03:59:54	2022-12-17 08:56:44
cruelladevil	https://github.com/cruelladevil/javascript-menu.git	cruelladevil	2022-12-17 04:06:31	2022-12-17 03:59:54	2022-12-17 08:31:59
nerdchanii	https://github.com/nerdchanii/javascript-menu.git	nerdchanii	2022-12-17 04:00:07	2022-12-17 03:59:54	2022-12-18 16:44:28
jjo-mi	https://github.com/jjo-mi/javascript-menu.git	jjo-mi	2022-12-17 04:02:15	2022-12-17 03:59:54	2022-12-17 08:56:19
kyeongwxx	https://github.com/kyeongwxx/javascript-menu.git	kyeongwxx	2022-12-17 04:02:02	2022-12-17 03:59:54	2022-12-17 08:34:15
bringvotrevin	https://github.com/bringvotrevin/javascript-menu.git	bringvotrevin	2022-12-17 04:00:14	2022-12-17 03:59:54	2022-12-17 09:00:42
haesa	https://github.com/haesa/javascript-menu.git	haesa	2022-12-17 04:01:11	2022-12-17 03:59:54	2022-12-17 08:59:22
D0Dam	https://github.com/D0Dam/javascript-menu.git	d0dam	2022-12-17 04:01:04	2022-12-17 03:59:54	2022-12-17 08:55:47
menduck	https://github.com/menduck/javascript-menu.git	menduck	2022-12-17 04:00:28	2022-12-17 03:59:54	2022-12-17 08:57:41
HeoJiye	https://github.com/HeoJiye/javascript-menu.git	HeoJiye	2022-12-17 04:00:10	2022-12-17 03:59:54	2022-12-17 08:54:01
nangkyeonglim	https://github.com/nangkyeonglim/javascript-menu.git	nangkyeonglim	2022-12-17 04:00:27	2022-12-17 03:59:54	2022-12-17 08:48:51
ukkodeveloper	https://github.com/ukkodeveloper/javascript-menu.git	ukkodeveloper	2022-12-17 04:00:19	2022-12-17 03:59:54	2022-12-17 08:56:25
GHWooo	https://github.com/GHWooo/javascript-menu.git	GHWooo	2022-12-17 04:00:01	2022-12-17 03:59:54	2022-12-17 08:58:44
Collection50	https://github.com/Collection50/javascript-menu.git	Collection50	2022-12-17 04:01:30	2022-12-17 03:59:54	2022-12-17 08:57:42
gnfnfnr	https://github.com/gnfnfnr/javascript-menu.git	gnfnfnr	2022-12-17 04:00:10	2022-12-17 03:59:54	2022-12-17 08:56:54
kknyapple	https://github.com/kknyapple/javascript-menu.git	kknyapple	2022-12-17 04:00:18	2022-12-17 03:59:54	2022-12-17 08:59:20
turtle601	https://github.com/turtle601/javascript-menu.git	turtle601	2022-12-17 04:01:09	2022-12-17 03:59:54	2022-12-17 08:54:24
Everylisy	https://github.com/Everylisy/javascript-menu.git	Everylisy	2022-12-17 04:00:08	2022-12-17 03:59:54	2022-12-17 08:35:00
ReturnReason	https://github.com/ReturnReason/javascript-menu.git	ReturnReason	2022-12-17 04:00:09	2022-12-17 03:59:54	2022-12-17 08:54:37
Leejin-Yang	https://github.com/Leejin-Yang/javascript-menu.git	Leejin-Yang	2022-12-17 04:00:40	2022-12-17 03:59:54	2022-12-17 08:35:41
limejin	https://github.com/limejin/javascript-menu.git	limejin	2022-12-17 04:24:39	2022-12-17 03:59:54	2022-12-17 08:53:13
xodms0309	https://github.com/xodms0309/javascript-menu.git	xodms0309	2022-12-17 04:00:08	2022-12-17 03:59:54	2022-12-17 08:35:38
Adult96	https://github.com/Adult96/javascript-menu.git	Adult96	2022-12-17 04:00:31	2022-12-17 03:59:54	2022-12-17 08:51:21
kangyeongmin	https://github.com/kangyeongmin/javascript-menu.git	kangyeongmin	2022-12-17 04:00:11	2022-12-17 03:59:54	2022-12-17 08:35:15
curomame	https://github.com/curomame/javascript-menu.git	curomame	2022-12-17 04:00:16	2022-12-17 03:59:54	2022-12-17 08:51:13
peachmilk24	https://github.com/peachmilk24/javascript-menu.git	peachmilk24	2022-12-17 04:00:40	2022-12-17 03:59:54	2022-12-17 08:34:28
seoltang	https://github.com/seoltang/javascript-menu.git	seoltang	2022-12-17 04:00:20	2022-12-17 03:59:54	2022-12-17 08:50:23
cys4585	https://github.com/cys4585/javascript-menu.git	cys4585	2022-12-17 04:00:09	2022-12-17 03:59:54	2022-12-17 08:48:49
HyeryongChoi	https://github.com/HyeryongChoi/javascript-menu.git	HyeryongChoi	2022-12-17 04:35:04	2022-12-17 03:59:54	2022-12-17 08:59:47
ksone02	https://github.com/ksone02/javascript-menu.git	ksone02	2022-12-17 04:00:09	2022-12-17 03:59:54	2022-12-17 08:59:13
hozzijeong	https://github.com/hozzijeong/javascript-menu.git	hozzijeong	2022-12-17 04:00:42	2022-12-17 03:59:54	2022-12-17 08:44:42
pakxe	https://github.com/pakxe/javascript-menu.git	pakxe	2022-12-17 04:00:08	2022-12-17 03:59:54	2022-12-17 08:49:03
WaiNaat	https://github.com/WaiNaat/javascript-menu.git	WaiNaat	2022-12-17 04:00:37	2022-12-17 03:59:54	2022-12-17 08:58:59
sujungYu	https://github.com/sujungYu/javascript-menu.git	sujungYu	2022-12-17 04:00:06	2022-12-17 03:59:54	2022-12-17 08:58:20
coolOlive	https://github.com/coolOlive/javascript-menu.git	coolOlive	2022-12-17 04:00:19	2022-12-17 03:59:54	2022-12-17 08:55:32
Shim-sim	https://github.com/Shim-sim/javascript-menu.git	Shim-sim	2022-12-17 04:00:16	2022-12-17 03:59:54	2022-12-17 08:56:13
unsnruu	https://github.com/unsnruu/javascript-menu.git	unsnruu	2022-12-17 04:00:17	2022-12-17 03:59:54	2022-12-17 08:59:36
Creative-Lee	https://github.com/Creative-Lee/javascript-menu.git	Creative-Lee	2022-12-17 04:00:01	2022-12-17 03:59:54	2022-12-18 13:21:57
dev-redo	https://github.com/dev-redo/javascript-menu.git	dev-redo	2022-12-17 04:00:22	2022-12-17 03:59:54	2022-12-17 08:48:30
solo5star	https://github.com/solo5star/javascript-menu.git	solo5star	2022-12-17 04:00:04	2022-12-17 03:59:54	2022-12-17 08:46:21
wzrabbit	https://github.com/wzrabbit/javascript-menu.git	wzrabbit	2022-12-17 04:00:04	2022-12-17 04:38:12	2022-12-17 08:55:12
imhynni	https://github.com/imhynni/javascript-menu.git	imhynni	2022-12-17 04:00:36	2022-12-17 03:59:54	2022-12-17 08:58:50
SuHwa-Lee	https://github.com/SuHwa-Lee/javascript-menu.git	SuHwa-Lee	2022-12-17 04:00:16	2022-12-17 03:59:54	2022-12-17 08:58:37
Gilpop8663	https://github.com/Gilpop8663/javascript-menu.git	Gilpop8663	2022-12-17 04:00:46	2022-12-17 03:59:54	2022-12-17 08:51:26
afds4567	https://github.com/afds4567/javascript-menu.git	afds4567	2022-12-17 04:01:38	2022-12-17 03:59:54	2022-12-17 08:52:42
evencoding	https://github.com/evencoding/javascript-menu.git	evencoding	2022-12-17 04:00:22	2022-12-17 03:59:54	2022-12-17 08:57:36
gyeongza	https://github.com/gyeongza/javascript-menu.git	gyeongza	2022-12-17 04:00:36	2022-12-17 03:59:54	2022-12-17 08:43:41
chsua	https://github.com/chsua/javascript-menu.git	chsua	2022-12-17 04:00:14	2022-12-17 03:59:54	2022-12-17 08:57:24
NaveOWO	https://github.com/NaveOWO/javascript-menu.git	NaveOWO	2022-12-17 04:00:19	2022-12-17 03:59:54	2022-12-17 08:55:47
Dahyeeee	https://github.com/Dahyeeee/javascript-menu.git	Dahyeeee	2022-12-17 04:00:40	2022-12-17 03:59:54	2022-12-18 09:14:03
confidential-nt	https://github.com/confidential-nt/javascript-menu.git	confidential-nt	2022-12-17 04:00:22	2022-12-17 03:59:54	2022-12-17 08:54:56
powercording	https://github.com/powercording/javascript-menu.git	powercording	2022-12-17 04:00:17	2022-12-17 03:59:54	2022-12-17 08:53:58
ssssssjay	https://github.com/ssssssjay/javascript-menu.git	ssssssjay	2022-12-17 04:00:31	2022-12-17 03:59:54	2022-12-17 08:47:53
shackstack	https://github.com/shackstack/javascript-menu.git	shackstack	2022-12-17 04:00:04	2022-12-17 03:59:54	2022-12-17 08:55:17
Songhee99	https://github.com/Songhee99/javascript-menu.git	Songhee99	2022-12-17 04:01:11	2022-12-17 03:59:54	2022-12-17 08:59:47
hae-on	https://github.com/hae-on/javascript-menu.git	hae-on	2022-12-17 04:00:08	2022-12-17 03:59:54	2022-12-17 08:57:30
sh981013s	https://github.com/sh981013s/javascript-menu.git	sh981013s	2022-12-17 04:00:48	2022-12-17 03:59:54	2022-12-17 08:36:21
bassyu	https://github.com/bassyu/javascript-menu.git	bassyu	2022-12-17 04:02:51	2022-12-17 03:59:54	2022-12-17 08:42:48
semnil5202	https://github.com/semnil5202/javascript-menu.git	semnil5202	2022-12-17 04:00:12	2022-12-17 03:59:54	2022-12-17 08:42:16
kingyong9169	https://github.com/kingyong9169/javascript-menu.git	kingyong9169	2022-12-17 04:00:13	2022-12-17 03:59:54	2022-12-17 09:00:05
yogjin	https://github.com/yogjin/javascript-menu.git	yogjin	2022-12-17 04:00:09	2022-12-17 03:59:54	2022-12-17 08:59:30
joseph-106	https://github.com/joseph-106/javascript-menu.git	joseph-106	2022-12-17 04:01:40	2022-12-17 03:59:54	2022-12-17 08:35:55
jeonjeunghoon	https://github.com/jeonjeunghoon/javascript-menu.git	jeonjeunghoon	2022-12-17 04:26:07	2022-12-17 03:59:54	2022-12-17 08:59:44
nlom0218	https://github.com/nlom0218/javascript-menu.git	nlom0218	2022-12-17 04:00:18	2022-12-17 03:59:54	2022-12-17 08:52:15
woo-jk	https://github.com/woo-jk/javascript-menu.git	woo-jk	2022-12-17 04:00:09	2022-12-17 03:59:54	2022-12-17 08:39:50
thewronghand	https://github.com/thewronghand/javascript-menu.git	thewronghand	2022-12-17 04:00:07	2022-12-17 04:05:56	2022-12-17 08:56:59
wldbseja	https://github.com/wldbseja/javascript-menu.git	jiyoon_Lee	2022-12-17 04:00:13	2022-12-17 03:59:54	2022-12-17 08:59:23
hanbeulYou	https://github.com/hanbeulYou/javascript-menu.git	hanbeulYou	2022-12-17 04:00:55	2022-12-17 03:59:54	2022-12-17 08:58:38
2pandi	https://github.com/2pandi/javascript-menu.git	2pandi	2022-12-17 04:00:14	2022-12-17 03:59:54	2022-12-17 08:57:16
quack777	https://github.com/quack777/javascript-menu.git	quack777	2022-12-17 04:01:20	2022-12-17 03:59:54	2022-12-17 08:58:58
devMingu	https://github.com/devMingu/javascript-menu.git	devMingu	2022-12-17 04:00:10	2022-12-17 03:59:54	2022-12-17 08:44:49
HojinAn	https://github.com/HojinAn/javascript-menu.git	HojinAn	2022-12-17 04:00:08	2022-12-17 03:59:54	2022-12-17 08:55:11
2yunseong	https://github.com/2yunseong/javascript-menu.git	2yunseong	2022-12-17 04:00:05	2022-12-17 03:59:54	2022-12-17 08:34:51
kyw0716	https://github.com/kyw0716/javascript-menu.git	kyw0716	2022-12-17 04:00:06	2022-12-17 03:59:54	2022-12-17 08:16:25
guridaek	https://github.com/guridaek/javascript-menu.git	guridaek	2022-12-17 04:00:29	2022-12-17 03:59:54	2022-12-17 08:53:41
regularPark	https://github.com/regularPark/javascript-menu.git	regularPark	2022-12-17 04:00:14	2022-12-17 03:59:54	2022-12-17 08:52:14
hafnium1923	https://github.com/hafnium1923/javascript-menu.git	hafnium1923	2022-12-17 04:00:12	2022-12-17 03:59:54	2022-12-17 08:19:03
dladncks1217	https://github.com/dladncks1217/javascript-menu.git	dladncks1217	2022-12-17 04:00:09	2022-12-17 03:59:54	2022-12-17 08:46:37
tkdrb12	https://github.com/tkdrb12/javascript-menu.git	tkdrb12	2022-12-17 04:00:09	2022-12-17 03:59:54	2022-12-17 08:51:04
ashleysyheo	https://github.com/ashleysyheo/javascript-menu.git	ashleysyheo	2022-12-17 04:00:26	2022-12-17 06:59:11	2022-12-17 08:47:33
jsy7517	https://github.com/jsy7517/javascript-menu.git	jsy7517	2022-12-17 04:00:02	2022-12-17 03:59:54	2022-12-17 08:55:15
